n,m,solver_time,adaptive_time,gap_optimal
50,50,0.614199416666667,0.0546660416666667,0.000718910675215123
